<?xml version="1.0" encoding="UTF-8"?>
<!DOCTYPE suite SYSTEM "https://testng.org/testng-1.0.dtd">
<suite name="Suite" parallel="tests" thread-count="3">

  <test name="Chrome tests" >
  <parameter name="Browser" value="chrome"></parameter>
  <classes>
  <class name="BasicTestNGDemo.TestNGParallelExecutionDemo"></class>
  </classes>
  </test> <!-- Test -->
 
 <test name="FF tests" >
  <parameter name="Browser" value="FF"></parameter>
  <classes>
  <class name="BasicTestNGDemo.TestNGParallelExecutionDemo"></class>
  </classes>
  </test> <!-- Test -->
 
  
  <test name="IE Tests" >
  <parameter name="Browser" value="IE"></parameter>
  <classes>
  <class name="BasicTestNGDemo.TestNGParallelExecutionDemo"></class>
  </classes>
  </test> <!-- Test -->
  
</suite> <!-- Suite -->
